English	Lingala
I understand why you reacted that way, but I think the situation would have been easier to resolve if we had discussed it calmly from the beginning.	Nasosoli mpo na nini osalaki réaction ndenge wana, kasi nakanisi ete likambo yango elingaki kozala pete mingi mpo na kosilisa soki tosololaki na kimia banda na ebandeli.
I was about to leave when you called me, so if you had phoned five minutes later, you probably would not have reached me.	Nazalaki pene ya kobima ntango obengaki ngai; soki obengaki ngai sima ya miniti mitano, mbala mosusu olingaki kozwa ngai lisusu te.
Even though I disagreed with what he said, I did not want to interrupt him before he had finished explaining his point of view.	Ata soki nandimaki te makambo oyo alobaki, nalingaki te kokata ye maloba liboso asilisa kolimbola makanisi na ye.
I don't mind helping you, but I would appreciate it if you told me earlier next time instead of waiting until the last minute.	Ezali problème te kosalisa yo, kasi mbala ya sima nalingaki o-yebisa ngai liboso na esika ya kozela tii na minute ya suka.
The problem is not that you made a mistake; the real problem is that you refused to admit it even after everyone explained what had happened.	Problème ezali te ete osalaki libunga; problème ya solo ezali ete oboyaki kondima yango ata sima bato nyonso balimbolaki yo ndenge makambo esalemaki.
There are moments when saying nothing is wiser than responding emotionally to something you may later regret.	Ezali na bantango oyo kofanda kimia ezali na bwanya mingi koleka koyanola na kanda na likambo oyo okoki koyokela mawa na sima.
I did not expect the conversation to become so serious, because at first we were simply joking with each other.	Nakanisaki te ete conversation ekokóma sérieux ndenge wana, mpo na ebandeli tozalaki kaka kosakana na maloba.
You don't have to agree with me, but at least try to understand why I see the situation differently.	Osengeli te kondima makanisi na ngai, kasi ata moke meká kososola mpo na nini nazali komona likambo yango ndenge mosusu.
What bothered me most was not what happened, but the fact that nobody thought it was necessary to tell me.	Eloko oyo epesaki ngai pasi mingi ezalaki te likambo oyo esalemaki, kasi ndenge moto moko te akanisaki ete esengeli koyebisa ngai.
If I had known that you were going through such a difficult situation, I would have tried to support you much earlier.	Soki nayebaki ete ozalaki koleka na situation ya mpasi ndenge wana, nalingaki komeka kosunga yo banda kala.
Before we move forward with the project, we need to make sure that everyone clearly understands their responsibilities and deadlines.	Liboso tokende liboso na projet, tosengeli kosala ete moto nyonso asosola malamu ba responsabilités na ye mpe ba délais.
The proposal looks promising, but we still need more evidence before we can justify investing additional resources.	Proposition yango ezali komonana malamu, kasi tosengeli naino na ba preuves mingi liboso tókoka koloba ete ezali na ntina kotia ba ressources mosusu.
One of the biggest challenges we are facing is that different departments are working independently instead of sharing information.	Moko ya mikakatano minene oyo tozali kokutana na yango ezali ete ba départements ekeseni bazali kosala separément na esika ya kokabola ba informations.
I suggest that we postpone the final decision until we have reviewed all the financial and technical implications.	Napesi likanisi ete tozongisa mokano ya suka sima tii tokotala malamu ba conséquences financières mpe techniques nyonso.
We need to distinguish between problems that require an immediate solution and those that can be addressed gradually.	Tosengeli kokesenisa ba problèmes oyo esengeli kosilisa mbala moko na oyo tokoki kosilisa mokemoke.
The client was satisfied with the general direction of the project, but asked us to simplify the user experience.	Client asepelaki na direction générale ya projet, kasi asɛngaki biso tósala expérience ya utilisateur ezala simple koleka.
I would rather deliver a smaller but reliable product than promise too many features that we cannot maintain properly.	Nakosepela mingi kopesa produit ya moke kasi oyo ezali fiable, na esika ya kolaka ba fonctionnalités mingi oyo tokokoka te kobatela malamu.
If the team continues working at this pace, we should be able to complete the first version before the end of the month.	Soki équipe ekobi kosala na rythme oyo, tosengeli kozala na makoki ya kosilisa version ya liboso liboso ya suka ya sanza.
The fact that the first attempt failed does not necessarily mean that the entire strategy is wrong.	Ndenge tentative ya liboso elongaki te elingi koloba forcément te ete stratégie mobimba ezali mabe.
A good manager should know when to give instructions and when to allow people to solve problems independently.	Mokambi ya malamu asengeli koyeba ntango nini kopesa malako mpe ntango nini kotika bato básilisa mikakatano bango moko.
The purpose of this study is not merely to reproduce previous results, but to determine whether the same conclusions remain valid under weaker assumptions.	Mokano ya étude oyo ezali kaka te kozongela ba résultats ya liboso, kasi kotala soki ba conclusions yango etikali solo ata soki ba hypothèses ekómi makasi mingi te.
At first, the theorem appears obvious, but the proof becomes much more subtle when the space is infinite-dimensional.	Na ebandeli, théorème yango emonani lokola ezali évident, kasi preuve ekómaka compliqué mingi soki espace ezali ya dimension infinie.
We should be careful not to confuse a sufficient condition with a necessary condition.	Tosengeli kokeba ete tóbulunganisa te condition suffisante na condition nécessaire.
The numerical experiments support the theoretical result, although they do not constitute a proof by themselves.	Ba expériences numériques ezali kosunga résultat théorique, atako yango moko ekoki kozala preuve te.
The main contribution of the paper lies in the way it extends a classical method to a setting where the usual assumptions no longer hold.	Contribution ya monene ya article ezali ndenge yango etandisi méthode classique na cadre moko oyo ba hypothèses oyo basalelaka mbala mingi esalaka lisusu te.
Before accepting this conclusion, we should examine whether the argument depends on finite-dimensionality at any crucial step.	Liboso tóndima conclusion oyo, tosengeli kotala soki raisonnement esaleli dimension finie na étape moko ya ntina.
The notation may look complicated, but the underlying idea is actually quite simple once the geometric interpretation is clear.	Notation ekoki komonana compliqué, kasi idée oyo ezali na se na yango ezali simple soki compréhension géométrique ekómi polele.
This result is interesting because it establishes a connection between two areas that are usually studied separately.	Résultat oyo ezali intéressant mpo ezali kosala lien kati na ba domaines mibale oyo bayekolaka mbala mingi separément.
We still need to determine whether the estimate is sharp or whether the constant can be improved.	Tosengeli naino koyeba soki estimation yango ezali sharp to soki constante ekoki kobongisama lisusu.
A counterexample would be enough to show that the statement is false without the additional assumption.	Contre-exemple moko ekoki kokoka mpo na kolakisa ete affirmation yango ezali lokuta soki hypothèse mosusu ebakisami te.
A business can generate a lot of revenue and still fail if its operating costs are too high.	Entreprise ekoki kozwa mbongo mingi na chiffre d'affaires kasi ekoki kaka kokweya soki ba coûts ya fonctionnement ezali likoló mingi.
Before launching the product, we should identify exactly who our customers are and what problem they are willing to pay us to solve.	Liboso ya kobimisa produit, tosengeli koyeba mpenza ba clients na biso bazali banani mpe problème nini bazali prêt kofuta biso mpo tósilisa yango.
Low prices may attract customers at first, but they are not a sustainable strategy if the company loses money on every transaction.	Ba prix ya se ekoki kobenda ba clients na ebandeli, kasi stratégie yango ekoki koumela te soki entreprise ezali kobungisa mbongo na transaction nyonso.
I would not invest in the company simply because the idea sounds exciting; I would first examine the market, the team, and the business model.	Nakotia mbongo na entreprise kaka te mpo idée ezali koyokana kitoko; nakotala liboso marché, équipe mpe business model.
The company needs to decide whether rapid growth is more important than becoming profitable in the short term.	Entreprise esengeli kozwa mokano soki croissance ya mbangu ezali na ntina mingi koleka kozala rentable na ntango mokuse.
Having many users does not necessarily mean that a product has a strong business model.	Kozala na ba utilisateurs mingi elingi koloba forcément te ete produit ezali na business model ya makasi.
We underestimated how expensive customer acquisition would become once the market became more competitive.	To-estimaki na se ndenge acquisition ya ba clients ekokóma cher soki concurrence ekómi makasi.
If we depend entirely on one large customer, losing that customer could put the whole company at risk.	Soki entreprise etie motema nyonso na client moko ya monene, kobungisa client yango ekoki kotia entreprise mobimba na danger.
Artificial intelligence can automate many repetitive tasks, but human judgment remains essential when decisions have serious consequences.	Intelligence artificielle ekoki kosala automatiquement misala mingi oyo ezongaka mbala na mbala, kasi jugement ya moto etikali na ntina mingi soki ba décisions ezali na ba conséquences ya makasi.
A model can achieve very high accuracy during testing and still perform poorly when it encounters data that differs from the training distribution.	Modèle ekoki kozwa accuracy ya likoló mingi na test, kasi kosala mabe soki ekutani na ba données oyo ekeseni na oyo basalelaki mpo na ko entraîner yango.
The fact that an algorithm gives an answer does not mean that the answer is reliable or appropriate for every context.	Ndenge algorithme epesi eyano elingi koloba te ete eyano yango ezali fiable to ebongi na contexte nyonso.
We should not collect more personal data than we genuinely need simply because the technology allows us to do so.	Tosengeli te kosangisa ba données personnelles mingi koleka oyo tosengeli na yango kaka mpo technologie ezali kopesa biso possibilité yango.
One of the biggest challenges in AI is not only building powerful models, but understanding when they should not be trusted.	Moko ya mikakatano minene na AI ezali kaka te kotonga ba modèles ya makasi, kasi koyeba ntango nini esengeli te kotiela yango motema.
If the system cannot explain why it rejected a person's application, that can become a serious problem when the decision affects their rights.	Soki système ekoki te kolimbola mpo na nini eboyi demande ya moto, yango ekoki kokóma problème monene soki décision yango ezali kosimba makoki na ye.
Technology should be designed around the needs of people, rather than forcing people to adapt unnecessarily to the technology.	Technologie esengeli kotongama kolanda ba besoins ya bato, na esika ya kosenga bato bábongwana kaka mpo na technologie.
I don't expect you to understand everything I am feeling, but I would like you to listen without immediately judging me.	Nazali kozela te ete ososola nyonso oyo nazali koyoka, kasi nalingi oyoka ngai liboso ya ko juger ngai mbala moko.
Sometimes people distance themselves not because they stopped caring, but because they no longer know how to communicate what they are feeling.	Ntango mosusu bato bakendaka mosika te mpo balingi yo lisusu te, kasi mpo bayebi lisusu te ndenge ya koloba oyo bazali koyoka.
Trust takes a long time to build, but it can be destroyed very quickly when someone repeatedly breaks their promises.	Confiance ezwaka ntango mingi mpo etongama, kasi ekoki kobeba noki soki moto azali mbala na mbala kokokisa te bilaka na ye.
Forgiving someone does not always mean that you have to allow them to return to your life in the same way as before.	Kolimbisa moto elingi koloba ntango nyonso te ete osengeli kotika ye azonga na bomoi na yo ndenge ezalaki liboso.
I would rather hear an uncomfortable truth than a comforting lie that will create more problems later.	Nakosepela mingi koyoka solo oyo ezali pasi koleka lokuta oyo ekopesa ngai kimia lelo kasi ekobimisa mikakatano mingi na sima.
We cannot solve a problem if every conversation turns into an argument about who is right and who is wrong.	Tokoki te kosilisa problème soki conversation nyonso ekómaka kaka etumba ya koyeba nani azali na raison mpe nani azali na tort.
A society cannot develop sustainably if economic growth benefits only a small part of the population.	Société ekoki te kokola na ndenge ya koumela soki croissance économique ezali kosalisa kaka eteni moke ya bato.
Education should not only prepare people to find jobs, but also teach them how to think critically and participate responsibly in society.	Éducation esengeli kaka te kobongisa bato mpo bázwa mosala, kasi mpe koteya bango kokanisa na mayele mpe kozwa responsabilité na société.
People often underestimate how strongly their environment influences the decisions they believe they are making independently.	Bato mingi bayebaka te ndenge environnement na bango ezali ko influencer ba décisions oyo bakanisaka ete bazali kozwa bango moko.
Progress does not always happen in a straight line; sometimes a temporary setback reveals weaknesses that need to be corrected.	Progrès etambolaka ntango nyonso droit te; ntango mosusu recul ya mwa ntango elakisaka bolɛmbu oyo esengeli kobongisama.
Having access to information is not the same as having the ability to distinguish reliable information from misinformation.	Kozala na accès na information ezali ndenge moko te na kozala na makoki ya kokesenisa information ya solo na information ya lokuta.
A difficult decision may still be the right decision even when it makes some people unhappy in the short term.	Décision moko ekoki kozala mpasi kasi kozala kaka décision ya malamu, ata soki na ntango mokuse bato mosusu bakosepela na yango te.
It is easy to criticize a decision after seeing the consequences, but the people who made it did not have all the information we have today.	Ezali pete ko critiquer décision sima ya komona ba conséquences, kasi bato oyo bazwaki yango bazalaki na ba informations nyonso oyo biso tozali na yango lelo te.
I am not saying that his argument is completely wrong; I am saying that it relies on an assumption that has not yet been justified.	Nazali koloba te ete raisonnement na ye ezali mabe mobimba; nazali koloba ete etie motema na hypothèse moko oyo naino elakisami te ete ezali juste.
Just because something has always been done in a certain way does not mean that it is still the best way to do it.	Kaka mpo likambo esalamaka ndenge moko banda kala elingi koloba te ete yango nde ezali naino lolenge ya malamu koleka lelo.
I would be more convinced by the argument if it were supported by evidence rather than by personal experience alone.	Nakondima raisonnement yango mingi soki ezalaki kosimbama na ba preuves, na esika ya expérience personnelle kaka.
The question is not whether the technology can be built, but whether building it would actually solve the problem we are trying to address.	Motuna ezali te soki tokoki kotonga technologie yango, kasi soki kotonga yango ekosilisa mpenza problème oyo tozali komeka kosilisa.
We should avoid making permanent decisions based on emotions that may disappear after a few hours or days.	Tosengeli kokeba na kozwa ba décisions ya seko na ba émotions oyo ekoki kosila sima ya bangonga to mikolo moke.
Sometimes the most difficult part of solving a problem is realizing that we have been asking the wrong question from the beginning.	Ntango mosusu eteni ya mpasi mingi na kosilisa problème ezali koyeba ete banda na ebandeli tozalaki kotuna motuna ya mabe.
I don't want to jump to conclusions before hearing his side of the story.	Nalingi te kozwa mokano nokinoki liboso nayoka mpe ye ndenge amoni likambo yango.
At the end of the day, we have to deal with the consequences of our own decisions.	Na suka ya nyonso, biso moko nde tosengeli komema ba conséquences ya ba décisions oyo tozwi.
What you are saying makes sense in theory, but I am not sure it will work in practice.	Oyo ozali koloba ezali na sens na théorie, kasi nayebi te soki ekosala malamu na pratique.
I would rather admit that I don't know than pretend to understand something I haven't understood.	Nakosepela mingi kondima ete nayebi te na esika ya kosala lokola nasosoli likambo oyo nasosoli mpenza te.
The more you understand a subject, the more you realize how much there is still left to learn.	Soki ozali kokóma kososola sujet moko mingi, okomona mpe mingi ete ezali naino na makambo ebele ya koyekola.
