prov lingala	French	signification
Mwana oyo aleli te, azwaka mabɛlɛ te.	L'enfant qui ne pleure pas ne reçoit pas le sein.	Si tu ne demandes rien, personne ne saura ce dont tu as besoin.
Loboko moko ekoki te kosukola elongi.	Une seule main ne peut pas bien laver le visage.	On a besoin des autres ; l'union fait la force.
Moto moko akoki kotonga mboka te.	Une seule personne ne peut pas construire un village.	Les grandes réalisations nécessitent la collaboration.
Soki oyebi te, tuna.	Si tu ne sais pas, demande.	Il vaut mieux poser une question que rester dans l'ignorance.
Mabele ezali ya bato nyonso, kasi lilita ezali ya moto moko.	La terre appartient à tous, mais la tombe est individuelle.	Nous vivons ensemble, mais chacun répond finalement de sa propre vie.
Moto azangi libunga azalaka te.	Il n'existe pas de personne sans faute.	L'erreur est humaine.
Mayele ezali ya moto moko te.	L'intelligence n'appartient pas à une seule personne.	Personne ne détient toute la sagesse.
Nzela molai ebandaka na litambe moko.	Un long chemin commence par un seul pas.	Toute grande entreprise commence modestement.
Mokili ezali kelasi.	Le monde est une école.	La vie nous apprend continuellement des leçons.
Moto oyo atamboli mingi amoni mingi.	Celui qui voyage beaucoup voit beaucoup.	L'expérience élargit les connaissances.
Moninga ya solo ayebanaka na tango ya mpasi.	Le véritable ami se reconnaît dans les moments difficiles.	C'est dans l'épreuve qu'on reconnaît ses vrais amis.
Moto akufaka, kombo ekufaka te.	L'homme meurt, mais son nom ne meurt pas.	Les actions et la réputation d'une personne peuvent lui survivre.
Maloba ezongaka na monoko te.	Les paroles ne retournent pas dans la bouche.	Une parole prononcée ne peut plus être retirée ; il faut réfléchir avant de parler.
Motema molai ezwaka mbano.	Un cœur patient reçoit sa récompense.	La patience finit par payer.
Likambo ya bato mibale, moto ya misato akotaka na bokebi.	Dans une affaire entre deux personnes, la troisième doit intervenir avec prudence.	Il faut être prudent lorsqu'on se mêle des conflits d'autrui.
Moto asalaka nde ayekolaka.	C'est en faisant qu'on apprend.	L'expérience est une excellente école.
Oyo oloni, yango nde okobuka.	Ce que tu sèmes est ce que tu récolteras.	On récolte ce que l'on sème.
Libanga oyo babwakaka likolo, ezongaka na se.	La pierre lancée en l'air finit par redescendre.	Nos actes finissent souvent par avoir des conséquences.
Moto na moto na mokumba na ye.	Chacun porte sa propre charge.	Chacun a ses responsabilités.
Esika bolingo ezali, mpasi ekómaka pete.	Là où il y a de l'amour, les difficultés deviennent plus légères.	L'entraide et l'affection permettent de supporter les épreuves.
Nsoso azali na mayele, kasi abosanaka ete motambo ezali.	La poule est intelligente, mais elle oublie parfois qu'il existe des pièges.	Même une personne expérimentée peut manquer de prudence et tomber dans un piège.
Mokili ezali lokola zando: moto nyonso ayei kosomba mpe koteka.	Le monde est comme un marché : chacun vient acheter et vendre.	La vie est faite d'échanges, de rencontres et de passages temporaires.
Mwana ya moto azali mwana ya bato.	L'enfant d'une personne est l'enfant de tous.	L'éducation et la protection d'un enfant concernent toute la communauté.
Ndeko akufaka te na motema.	Un frère ou une sœur ne meurt pas dans le cœur.	Les liens familiaux et les souvenirs demeurent même après la séparation ou la mort.
Soki mokili eboyi yo, motema na yo eboya yo te.	Si le monde te rejette, que ton propre cœur ne te rejette pas.	Il faut garder courage et confiance en soi malgré les difficultés.
Mayi etondi, kasi ebosani liziba te.	L'eau devient abondante, mais elle n'oublie pas sa source.	Il ne faut jamais oublier ses origines ni ceux qui nous ont aidés.
Nzete eyebanaka na mbuma na yango.	On reconnaît l'arbre à ses fruits.	On juge une personne à ses actes plutôt qu'à ses paroles.
Mbuma ya malamu eutaka na nzete ya malamu.	Un bon fruit vient d'un bon arbre.	De bonnes actions ou une bonne éducation produisent généralement de bons résultats.
Moto oyo azali na motema molai alekaka mosika.	Celui qui est patient va loin.	La patience et la persévérance permettent d'atteindre de grands objectifs.
Soki ozali kokima mbula, kokima te na nse ya nzete oyo ezali kokweya.	Si tu fuis la pluie, ne te réfugie pas sous un arbre qui tombe.	En voulant éviter un petit problème, il faut prendre garde de ne pas tomber dans un problème plus grave.
Miso emonaka mosika, kasi motema emonaka koleka.	Les yeux voient loin, mais le cœur voit plus loin encore.	L'intuition et la compréhension profonde dépassent parfois les apparences.
Bato bazali lokola misapi ya loboko: bakokani te, kasi basalaka elongo.	Les hommes sont comme les doigts d'une main : ils ne sont pas identiques, mais ils travaillent ensemble.	Les différences n'empêchent pas la coopération.
Moto oyo abungi nzela atunaka.	Celui qui a perdu son chemin demande.	Demander conseil est une preuve de sagesse, pas de faiblesse.
Likambo oyo ebombami mingi, mokolo moko ebimaka.	Ce qui est longtemps caché finit un jour par sortir.	La vérité finit souvent par se révéler.
Lokuta ezalaka na makolo mikuse.	Le mensonge a les jambes courtes.	Un mensonge ne va jamais très loin avant d'être découvert.
Maloba ya mokolo moko ekoki kobebisa boninga ya bambula.	Une parole d'un seul jour peut détruire une amitié de plusieurs années.	Il faut mesurer ses paroles, car elles peuvent avoir de lourdes conséquences.
Moto oyo ayoki te, amonaka na miso.	Celui qui ne veut pas écouter finit par voir de ses propres yeux.	Qui refuse les conseils apprend souvent par les conséquences.
Soki moto akebisi yo, yoka liboso osala.	Si quelqu'un t'avertit, écoute avant d'agir.	Les avertissements méritent d'être considérés avant de prendre une décision.
Noki ezali malamu te na makambo nyonso.	La précipitation n'est pas bonne dans toutes les choses.	Certaines décisions demandent réflexion et patience.
Moto ya posa mingi akoki kobungisa nyonso.	Celui qui veut trop peut tout perdre.	L'avidité et l'excès peuvent conduire à la perte.
Mbongo ekoki kosomba biloko, kasi ekoki kosomba motema te.	L'argent peut acheter des choses, mais il ne peut pas acheter le cœur.	Les sentiments sincères et l'affection ne s'achètent pas.
Bomengo ya solo ezali bato oyo bazali pembeni na yo.	La vraie richesse, ce sont les personnes qui sont à tes côtés.	Les relations humaines peuvent valoir plus que les biens matériels.
Moto oyo azali na baninga azangi nzela te.	Celui qui a des amis ne manque pas de chemin.	Un bon réseau d'amitié et d'entraide aide à surmonter les difficultés.
Bolingo ezangi limemya eumelaka te.	L'amour sans respect ne dure pas.	Le respect est indispensable à toute relation durable.
Kimia eleki bitumba.	La paix vaut mieux que la guerre.	Il est préférable de rechercher la réconciliation plutôt que le conflit.
Kanda ezali mopesi-toli ya mabe.	La colère est une mauvaise conseillère.	Il ne faut pas prendre de décisions importantes sous l'effet de la colère.
Soki motema ezwi kimia, makanisi ebongaka.	Quand le cœur retrouve la paix, les pensées deviennent plus claires.	Le calme aide à mieux réfléchir et décider.
Moto oyo alingi koyeba mingi asengeli koyoka mingi.	Celui qui veut beaucoup apprendre doit beaucoup écouter.	L'écoute est une condition essentielle de l'apprentissage.
Mayele ekolaka na mituna.	La sagesse grandit par les questions.	Poser des questions permet d'élargir sa connaissance.
Koyeba nyonso ezali ya Nzambe, moto ayekolaka mokolo na mokolo.	Tout savoir appartient à Dieu ; l'homme apprend chaque jour.	L'être humain doit rester humble et continuer à apprendre.
Mosala ezangi molende epesaka mbuma mingi te.	Un travail sans effort ne donne pas beaucoup de fruits.	La réussite demande engagement et persévérance.
Lelo nde ebotaka lobi.	Aujourd'hui donne naissance à demain.	Les actions présentes déterminent en grande partie l'avenir.
Oyo osali lelo ekoki kozongela yo lobi.	Ce que tu fais aujourd'hui peut te revenir demain.	Nos actes ont souvent des conséquences futures.
Moto oyo aboya mosala, aboya mpe mbuma na yango.	Celui qui refuse le travail refuse aussi ses fruits.	On ne peut espérer les résultats sans fournir les efforts nécessaires.
Tala liboso okata nzela.	Regarde avant de traverser le chemin.	Il faut observer et réfléchir avant d'agir.
Keba na moto oyo alobaka malamu kasi asalaka mabe.	Méfie-toi de celui qui parle bien mais agit mal.	Les actes sont plus fiables que les beaux discours.
Monoko ekoki kotonga, monoko mpe ekoki kobebisa.	La bouche peut construire, et la bouche peut aussi détruire.	Les paroles peuvent encourager ou blesser profondément.
Maloba ya malamu ezongisaka motema na bomoi.	Une bonne parole redonne vie au cœur.	Des paroles encourageantes peuvent redonner espoir.
Soki okoki kobongisa te, kobebisa mpe te.	Si tu ne peux pas améliorer, ne détruis pas non plus.	Il vaut mieux ne pas nuire lorsqu'on ne peut pas aider.
Moto oyo apesaka, azangaka baninga te.	Celui qui donne ne manque pas d'amis.	La générosité crée des liens et favorise l'entraide.
Kopesa ezali koleka kozwa.	Donner vaut mieux que recevoir.	La générosité procure une valeur morale supérieure au simple fait de recevoir.
Ndeko azali ndeko ata na mpasi.	Un frère reste un frère même dans les difficultés.	Les liens sincères se révèlent surtout dans les moments difficiles.
Libota oyo esololaka ebebaka noki te.	Une famille qui dialogue ne se brise pas facilement.	La communication protège et renforce les liens familiaux.
Esika bato bazali na bomoko, makasi ezalaka mingi.	Là où les gens sont unis, la force est grande.	L'unité augmente la capacité d'un groupe à surmonter les difficultés.
Moto moko azali moto mpo na bato mosusu.	Une personne est une personne grâce aux autres.	L'identité et la réussite individuelles dépendent aussi de la communauté.
Ntango ezali monganga.	Le temps est un médecin.	Avec le temps, certaines douleurs et blessures émotionnelles s'apaisent.
Mokolo moko ekoki kobongola bomoi mobimba.	Un seul jour peut changer toute une vie.	Un événement ou une décision peut transformer profondément l'existence.
Moto ayekolaka tii na suka ya bomoi.	L'homme apprend jusqu'à la fin de sa vie.	L'apprentissage ne s'arrête jamais.
Soki nzela ezali molai, tambola mokemoke kasi kotelema te.	Si le chemin est long, avance lentement mais ne t'arrête pas.	La constance est plus importante que la vitesse.
Elikya ezali bomoi.	L'espoir, c'est la vie.	Garder l'espoir aide à continuer malgré les épreuves.
Moto oyo ayebi nzela atambolaka na bokebi.	Celui qui connaît le chemin marche avec prudence.	L'expérience n'exclut pas la vigilance.
Likambo ya lelo ebongisama lelo.	L'affaire d'aujourd'hui se règle aujourd'hui.	Il vaut mieux ne pas toujours remettre à demain ce qui peut être fait maintenant.
Kobanga ebele ekangaka nzela.	Trop de peur ferme le chemin.	La peur excessive peut empêcher d'avancer.
Mayi ekendaka epai nzela efungwami.	L'eau va là où le chemin est ouvert.	Les choses avancent plus facilement quand les conditions sont favorables.
Nzete ekolaka mokemoke.	L'arbre grandit peu à peu.	Les progrès durables prennent du temps.
Mbula ekoki konoka makasi, kasi moi ezongaka.	La pluie peut tomber fortement, mais le soleil revient.	Les difficultés ne durent pas éternellement.
Moto oyo atali kaka sima akoki kobeta libaku.	Celui qui regarde toujours derrière lui peut trébucher.	Il faut apprendre du passé sans cesser d'avancer.
Soki porte moko ekangami, luka nzela mosusu.	Si une porte se ferme, cherche un autre chemin.	Un obstacle n'est pas toujours la fin d'une possibilité.
Mokili ebalukaka, moto mpe asengeli koyeba kobongwana.	Le monde change, et l'homme doit savoir s'adapter.	La capacité d'adaptation est essentielle dans la vie.
Moto oyo azali na elikya akangaka nzela te.	Celui qui garde espoir ne ferme pas son chemin.	L'espoir maintient les possibilités ouvertes.
Mwana ayekolaka na oyo amonaka.	L'enfant apprend de ce qu'il voit.	L'exemple donné par les adultes compte autant que les paroles.
Libota ezali nzete, bato na yango bazali bitape.	La famille est un arbre, ses membres sont les branches.	Les membres d'une famille sont différents mais reliés par une même origine.
Ndeko akoki kosilika, kasi akomi monguna te.	Un frère peut se fâcher, mais il ne devient pas forcément un ennemi.	Les conflits familiaux ne doivent pas effacer les liens profonds.
Ndako ezanga bolingo ezalaka mpio.	Une maison sans amour est froide.	L'affection est essentielle à l'harmonie familiale.
Mwana oyo bateyaka malamu akolaka na nzela malamu.	L'enfant bien éduqué grandit sur un bon chemin.	Une bonne éducation prépare de bonnes habitudes.
Libota oyo ekabola biloko ekabola mpe mpasi.	Une famille qui partage les biens partage aussi les difficultés.	La solidarité familiale vaut autant dans les bons que dans les mauvais moments.
Bolingo ya solo emonanaka na misala.	Le véritable amour se voit dans les actes.	Les actions comptent davantage que les déclarations.
Soki ndeko akwei, sembola loboko.	Si ton frère tombe, tends-lui la main.	Il faut aider les proches lorsqu'ils traversent une difficulté.
Moto azanga bato azanga makasi.	Celui qui n'a personne manque de force.	Le soutien humain renforce chacun.
Ndako etongamaka na mabanga, libota etongamaka na bolingo.	Une maison se construit avec des pierres, une famille avec de l'amour.	La solidité d'une famille repose sur les relations, pas seulement sur les biens.
Kanda ekoki kobebisa oyo motema etongaki.	La colère peut détruire ce que le cœur avait construit.	Une réaction impulsive peut ruiner une relation construite avec patience.
Maloba ya mabe ezokisaka koleka fimbo.	Les mauvaises paroles blessent plus qu'un bâton.	Les blessures émotionnelles causées par les mots peuvent être profondes.
Bolimbisi ezali makasi, bolembu te.	Le pardon est une force, pas une faiblesse.	Pardonner peut demander davantage de courage que se venger.
Moto oyo ayebi kolimbisa azali na motema makasi.	Celui qui sait pardonner a un cœur fort.	Le pardon demande maturité et maîtrise de soi.
Soki bolingi kimia, bóbanda na kosolola.	Si vous voulez la paix, commencez par dialoguer.	Le dialogue est souvent la première étape vers la réconciliation.
Moto akoki kobosana maloba, kasi te ndenge oyokisaki ye.	Une personne peut oublier les paroles, mais pas la manière dont tu l'as fait se sentir.	Les émotions laissées par nos comportements peuvent durer.
Esengo ekabolami ekómaka mingi.	La joie partagée devient plus grande.	Partager son bonheur renforce les liens.
Mpasi ekabolami ekómaka pete.	La peine partagée devient plus légère.	Parler et recevoir du soutien aide à supporter les difficultés.
Motema ya moto ezali buku oyo etangamaka na misala.	Le cœur d'une personne est un livre qui se lit dans ses actes.	Le caractère se révèle surtout par le comportement.
Kimia ya motema eleki bozwi mingi.	La paix du cœur vaut plus qu'une grande richesse.	La tranquillité intérieure peut être plus précieuse que l'argent.
Mbongo esilaka, kombo malamu etikalaka.	L'argent finit, mais une bonne réputation demeure.	La réputation et l'intégrité ont une valeur durable.
Moto oyo abombaka moke azangaka mingi te.	Celui qui épargne un peu manque rarement de tout.	La prévoyance financière protège contre les imprévus.
Kozwa ezali pete, kobatela ezali mpasi.	Acquérir est facile, conserver est difficile.	Gérer ce que l'on possède peut être plus difficile que l'obtenir.
Mbongo ezanga mayele ebunga noki.	L'argent sans sagesse disparaît vite.	Une mauvaise gestion financière peut dissiper rapidement les ressources.
Mosala ya lelo ezali mbuma ya lobi.	Le travail d'aujourd'hui est le fruit de demain.	Les efforts présents préparent les résultats futurs.
Moto oyo alingi mbuma asengeli kolona.	Celui qui veut des fruits doit planter.	Il faut fournir un effort avant d'espérer un résultat.
Kobomba ezali lokola kolona.	Épargner, c'est comme planter.	Mettre de côté aujourd'hui peut produire un bénéfice demain.
Moto oyo asalelaka nyonso lelo akoki kozanga lobi.	Celui qui dépense tout aujourd'hui peut manquer demain.	Il faut éviter de consommer toutes ses ressources sans prévoir l'avenir.
Bozwi ezanga bwanya ekoki kokóma mpasi.	La richesse sans sagesse peut devenir un problème.	Les ressources matérielles doivent être accompagnées de discernement.
Mokili ya mbongo esengaka miso mibale.	Le monde de l'argent exige deux yeux ouverts.	Les affaires financières demandent vigilance et prudence.
Mayele ezalaka na koyoka, te kaka na koloba.	La sagesse se trouve dans l'écoute, pas seulement dans la parole.	Écouter est une partie essentielle de l'intelligence.
Moto oyo alobaka mingi ayokaka moke.	Celui qui parle trop écoute peu.	Parler excessivement peut empêcher d'apprendre des autres.
Soki oyoki nyonso, pesa eyano na nyonso te.	Même si tu entends tout, ne réponds pas à tout.	Il n'est pas nécessaire de réagir à chaque parole ou provocation.
Koyeba kotuna ezali ndambo ya koyeba.	Savoir poser une question, c'est déjà une partie du savoir.	Une bonne question ouvre la voie à la compréhension.
Bwanya ezali koyeba ntango ya koloba mpe ntango ya kofanda kimia.	La sagesse consiste à savoir quand parler et quand se taire.	Le bon moment compte autant que les paroles elles-mêmes.
Moto oyo andimi ete ayebi te azali pene ya koyeba.	Celui qui admet qu'il ne sait pas est proche d'apprendre.	Reconnaître son ignorance est une étape vers la connaissance.
Makanisi mibale eleki likanisi moko.	Deux réflexions valent mieux qu'une seule.	La confrontation de plusieurs points de vue améliore souvent les décisions.
Mayele ezangaka ndelo te.	La sagesse n'a pas de limite.	Il y a toujours davantage à apprendre.
Moto oyo atangaka kaka buku te, atangaka mpe bomoi.	Une personne ne lit pas seulement les livres, elle lit aussi la vie.	L'expérience pratique complète les connaissances théoriques.
Motuna malamu ekoki kofungola porte ya mayele.	Une bonne question peut ouvrir la porte de la sagesse.	Les questions pertinentes font progresser la réflexion.
Nzela ya mokuse ezalaka ntango nyonso ya malamu te.	Le chemin le plus court n'est pas toujours le meilleur.	La solution la plus rapide n'est pas forcément la plus sûre ou la plus sage.
Moto oyo azali na lombangu akoki kotika eloko ya ntina.	Celui qui se presse peut oublier quelque chose d'important.	La précipitation favorise les erreurs.
Keba liboso ya kozwa mokano oyo ekoki kozonga te.	Sois prudent avant de prendre une décision irréversible.	Les décisions définitives nécessitent davantage de réflexion.
Libaku moko eteyaka koleka maloba mingi.	Une chute enseigne plus que beaucoup de paroles.	L'expérience directe peut être un puissant professeur.
Moto oyo akweyaki ayebi esika mabele ezali mosɛlu.	Celui qui est déjà tombé sait où le sol est glissant.	Les erreurs passées peuvent rendre plus prudent.
Soki oyebi moto te, tala misala na ye.	Si tu ne connais pas quelqu'un, observe ses actes.	Les actes révèlent mieux le caractère que les apparences.
Miso ekoki kokosa, kasi ntango emonisaka solo.	Les yeux peuvent se tromper, mais le temps révèle la vérité.	Les apparences sont parfois trompeuses ; le temps clarifie les choses.
Likambo ya mpasi esengaka motema ya kimia.	Une affaire difficile exige un cœur calme.	Les problèmes complexes se résolvent mieux avec maîtrise de soi.
Soki ozali na ntembe, kende mokemoke.	Si tu as un doute, avance lentement.	L'incertitude appelle davantage de prudence.
Moto ya bokebi akimaka likama liboso ekóma.	La personne prudente évite le danger avant qu'il n'arrive.	La prévention vaut mieux que la réaction tardive.
Ntango ebungaka ezongaka te.	Le temps perdu ne revient pas.	Le temps est une ressource qu'on ne peut récupérer.
Mokolo nyonso ezali libaku ya sika.	Chaque jour est une nouvelle occasion.	Chaque journée permet de recommencer ou de progresser.
Lobi ezali mbuma ya lelo.	Demain est le fruit d'aujourd'hui.	L'avenir dépend en partie des décisions présentes.
Moto oyo ayebi ntina ya ntango abebisaka yango te.	Celui qui connaît la valeur du temps ne le gaspille pas.	Bien gérer son temps est une forme de sagesse.
Ntango emonisaka moninga ya solo.	Le temps révèle le véritable ami.	Les relations sincères se confirment avec la durée.
Ntango emonisaka solo mpe lokuta.	Le temps révèle la vérité et le mensonge.	Avec le temps, la réalité finit souvent par apparaître.
Mokolo ya mpasi mpe eleka.	Même le jour difficile finit par passer.	Aucune épreuve ne dure éternellement.
Kozela te ete lobi esala oyo okoki kosala lelo.	N'attends pas que demain fasse ce que tu peux faire aujourd'hui.	Il faut éviter la procrastination.
Moto oyo alingaka ntango na ye abongisaka bomoi na ye.	Celui qui respecte son temps organise sa vie.	La discipline dans le temps favorise une vie mieux structurée.
Ntango ezali mosambisi oyo alobaka na suka.	Le temps est un juge qui parle à la fin.	Avec le recul, le temps permet de mieux évaluer les choix et les personnes.
Mokili ekoki kobongwana na minute moko.	Le monde peut changer en une minute.	La vie peut basculer rapidement ; il faut rester adaptable.
Moto oyo ayebi komesana na mbongwana abikaka malamu.	Celui qui sait s'adapter au changement vit mieux.	L'adaptation aide à traverser les transformations.
Kobanda lisusu ezali kokweya te.	Recommencer n'est pas échouer.	Un nouveau départ peut être une forme de courage.
Moto akoki kobungisa nzela kasi kozonga na nzela.	Une personne peut perdre son chemin puis le retrouver.	Une erreur n'empêche pas de se corriger.
Libunga moko esukisaka bomoi te.	Une seule erreur ne met pas fin à la vie.	Une faute ne définit pas toute une personne.
Soki plan ya liboso eboyi, bongola nzela, mokano te.	Si le premier plan échoue, change de chemin, pas forcément d'objectif.	La flexibilité dans les moyens aide à atteindre un but.
Kokweya ezali suka te soki otelemaka lisusu.	Tomber n'est pas la fin si tu te relèves.	La résilience consiste à continuer après un échec.
Makasi ya moto emonanaka ntango makambo ezali mpasi.	La force d'une personne se voit lorsque les choses deviennent difficiles.	Les épreuves révèlent souvent le caractère.
Moto ya molende alembaka, kasi atikaka te.	La personne persévérante se fatigue, mais n'abandonne pas.	La persévérance ne signifie pas absence de fatigue, mais continuité malgré elle.
Elonga ebandaka na kondima ete ekoki kosalema.	La réussite commence par croire qu'elle est possible.	La confiance et l'espoir encouragent l'action.
Moto oyo azali na nzala ayebi motuya ya bilei.	Celui qui a faim connaît la valeur de la nourriture.	On apprécie davantage une chose lorsqu'on en a réellement besoin.
Moto oyo ameli mayi ayebaka motuya ya liziba.	Celui qui boit de l'eau connaît la valeur de la source.	Il faut reconnaître la valeur de ce qui nous soutient.
Liziba oyo epesaka mayi esengeli kobatelama.	La source qui donne de l'eau doit être protégée.	Il faut prendre soin de ce qui nous nourrit ou nous aide.
Soki ozali kolona, zela ntango ya kobuka.	Si tu plantes, attends le temps de la récolte.	Les résultats demandent souvent du temps et de la patience.
Mbuma ebela na ntango na yango.	Le fruit mûrit en son temps.	Chaque chose arrive au moment approprié.
Nzete ya makasi etelemaka na mopepe.	L'arbre solide résiste au vent.	La force intérieure se révèle dans l'adversité.
Mopepe makasi eteyaka nzete ndenge ya kotelema.	Le vent fort apprend à l'arbre à tenir debout.	Les difficultés peuvent renforcer une personne.
Moto oyo ayebi mpasi ayebaka motuya ya kimia.	Celui qui connaît la souffrance connaît la valeur de la paix.	Les épreuves apprennent à apprécier les périodes calmes.
Soki motema ezali makasi, nzela molai ebangisaka te.	Si le cœur est fort, un long chemin ne fait pas peur.	Le courage aide à affronter les grands défis.
Etumba nyonso elongamaka na makasi te.	Toutes les batailles ne se gagnent pas par la force.	L'intelligence, la patience et la stratégie peuvent être plus efficaces que la force.
Moto ya bwanya ayebaka ntango ya kozonga sima.	La personne sage sait quand reculer.	Savoir renoncer ou changer de stratégie peut être une preuve de sagesse.
Kozonga sima mpo na kobongisa nzela ezali kokima te.	Revenir en arrière pour corriger son chemin n'est pas fuir.	Corriger une erreur n'est pas un signe de faiblesse.
Moto oyo akangami na lolendo ayokaka toli te.	Celui qui est prisonnier de l'orgueil n'écoute pas les conseils.	L'orgueil peut empêcher d'apprendre et de progresser.
Lolendo eleki ndelo ekweyisaka moto.	L'orgueil excessif fait tomber l'homme.	L'arrogance peut conduire à l'échec.
Komikitisa ezali bolembu te.	L'humilité n'est pas une faiblesse.	Être humble peut être une marque de maturité et de force.
Moto ya komikitisa ayekolaka epai ya bato nyonso.	La personne humble apprend de tout le monde.	L'humilité ouvre la voie à l'apprentissage.
Miso mibale emonaka malamu koleka liso moko.	Deux yeux voient mieux qu'un seul.	Plusieurs points de vue peuvent améliorer la compréhension.
Matoi mibale, monoko moko.	Deux oreilles, une bouche.	Il faut écouter davantage que parler.
Moto oyo ayokaka toli abungaka nzela mingi te.	Celui qui écoute les conseils se perd moins souvent.	Les conseils utiles peuvent éviter des erreurs.
Toli ezali eloko ya ofele, kasi motuya na yango ekoki kozala monene.	Le conseil est gratuit, mais sa valeur peut être grande.	Un bon conseil peut avoir des conséquences très importantes.
Moto oyo asali libunga asengeli koyekola na yango.	Celui qui fait une erreur doit en tirer une leçon.	Une erreur devient utile lorsqu'elle permet de progresser.
Libunga ezongelami mbala mingi ekómaka momeseno.	Une erreur répétée souvent devient une habitude.	Il faut corriger rapidement les mauvais comportements.
Kosenga bolimbisi ekitisaka moto te.	Demander pardon ne diminue pas une personne.	Reconnaître ses torts est une marque de maturité.
Solo ekoki kozala mpasi, kasi ebikisaka motema.	La vérité peut être difficile, mais elle libère le cœur.	La sincérité peut être douloureuse sur le moment mais bénéfique à long terme.
Lokuta esengaka lokuta mosusu mpo etelema.	Un mensonge a besoin d'un autre mensonge pour tenir debout.	Mentir entraîne souvent une chaîne de nouveaux mensonges.
Solo ezalaka na posa ya bilamba te.	La vérité n'a pas besoin de vêtements.	La vérité n'a pas besoin d'être embellie pour rester vraie.
Moto akoki kokosa bato, kasi akoki kokosa ntango te.	On peut tromper les gens, mais pas le temps.	Avec le temps, les tromperies finissent souvent par être découvertes.
Miso ya bato ekoki kozanga komona, kasi misala etikalaka.	Les yeux des gens peuvent ne pas voir, mais les actes restent.	Nos actions laissent des traces même lorsqu'elles passent inaperçues.
Kombo malamu etongamaka mokolo na mokolo.	Une bonne réputation se construit jour après jour.	La confiance et la réputation demandent du temps.
Kombo malamu ebebaka na minute moko.	Une bonne réputation peut se détruire en une minute.	Une seule mauvaise action peut endommager une réputation construite longtemps.
Moninga ya malamu akebisaka yo liboso ya likama.	Un bon ami t'avertit avant le danger.	L'amitié sincère implique aussi de dire des choses difficiles pour protéger l'autre.
Moninga oyo asepelaka kaka na esengo azali naino moninga te.	L'ami qui n'est présent que dans la joie n'est pas encore un véritable ami.	La vraie amitié se mesure aussi dans les difficultés.
Boninga etongamaka na confiance.	L'amitié se construit sur la confiance.	La confiance est la base des relations durables.
Confiance soki ebukani, ezongaka na mpasi.	Quand la confiance est brisée, elle revient difficilement.	Il faut protéger la confiance car elle est longue à reconstruire.
Moto oyo abatelaka sekele abatelaka boninga.	Celui qui garde un secret protège l'amitié.	La discrétion renforce la confiance entre les personnes.
Soki moninga na yo azali na mpasi, kozela abenga yo te.	Si ton ami souffre, n'attends pas qu'il t'appelle.	L'amitié sincère pousse à prendre l'initiative d'aider.
Bolingo ya solo esengaka motema molai.	Le véritable amour exige de la patience.	Les relations solides demandent patience et compréhension.
Bolingo ezanga confiance etambolaka mosika te.	L'amour sans confiance ne va pas loin.	Une relation durable a besoin de confiance.
Kosolola ezali pont kati na mitema mibale.	Le dialogue est un pont entre deux cœurs.	La communication rapproche les personnes.
Soki bolingo ezali, limemya esengeli kozala mpe.	S'il y a de l'amour, il doit aussi y avoir du respect.	Une relation saine nécessite affection et respect.
Moto oyo asalaka na bosembo abanga kotala bato na miso te.	Celui qui agit honnêtement n'a pas peur de regarder les autres dans les yeux.	L'intégrité donne une conscience tranquille.
Bosembo ezali bozwi oyo bayibaka te.	L'honnêteté est une richesse qu'on ne peut pas voler.	L'intégrité est une valeur durable et personnelle.
Moto ya bosembo azangaka somo ya solo.	La personne honnête ne craint pas la vérité.	La sincérité permet de vivre sans peur d'être découvert.
Misala ya moto nde elobaka mpo na ye.	Les actes d'une personne parlent pour elle.	Le comportement est souvent plus révélateur que les paroles.
Bilaka mingi ezanga misala ezali mopepe.	Beaucoup de promesses sans actes ne sont que du vent.	Les promesses n'ont de valeur que si elles sont suivies d'actions.
Moto oyo akokisaka liloba na ye azwaka limemya.	Celui qui tient sa parole gagne le respect.	La fiabilité construit la confiance.
Liloba ezali nyongo.	La parole donnée est une dette.	Une promesse crée une responsabilité morale.
Soki olaki, sala makasi okokisa.	Si tu promets, fais tout ton possible pour tenir parole.	Il faut prendre les engagements au sérieux.
Moto ayebanaka na ndenge asalelaka bato ya mike.	On reconnaît une personne à la manière dont elle traite les plus faibles.	Le caractère se révèle dans le comportement envers ceux qui ont moins de pouvoir.
Limemya epesamaka mpo ezonga.	Le respect se donne pour être reçu.	Respecter les autres favorise le respect réciproque.
Mosala malamu esengaka ntango.	Un bon travail demande du temps.	La qualité exige souvent patience et soin.
Noki mingi ebota mabunga.	Trop de précipitation produit des erreurs.	La vitesse excessive nuit à la qualité.
Moto oyo abongisaka liboso alembaka moke na sima.	Celui qui prépare à l'avance se fatigue moins ensuite.	La préparation réduit les difficultés futures.
Kobongisa liboso ezali ndambo ya mosala.	Bien préparer, c'est déjà faire la moitié du travail.	La planification facilite l'exécution.
Mosala oyo ebandi malamu esilaka malamu mingi.	Un travail bien commencé se termine souvent bien.	Un bon départ augmente les chances de réussite.
Moto ya mosala abanga mpasi te.	La personne travailleuse ne craint pas l'effort.	Le goût de l'effort aide à atteindre ses objectifs.
Maboko oyo esalaka ezwaka mbuma.	Les mains qui travaillent récoltent des fruits.	Le travail produit des résultats.
Mosala ezalaka na motuya soki ezali na mokano.	Le travail a plus de valeur lorsqu'il a un objectif.	Un effort orienté vers un but est plus efficace.
Kobanda ezali pete, kosilisa nde komekama.	Commencer est facile, terminer est l'épreuve.	La persévérance est nécessaire pour mener un projet à son terme.
Moto oyo asilisa oyo abandaki ayekolaka discipline.	Celui qui termine ce qu'il commence apprend la discipline.	Achever ses tâches développe la rigueur.
Mbongo ezali mosali malamu, kasi mokonzi mabe.	L'argent est un bon serviteur, mais un mauvais maître.	L'argent doit rester un outil et ne pas diriger toute la vie.
Moto oyo alandaka mbongo kaka akoki kobungisa bato.	Celui qui ne poursuit que l'argent peut perdre les gens.	La recherche excessive du profit peut abîmer les relations.
Bozwi ya lelo ekoki kozala bobola ya lobi soki mayele ezali te.	La richesse d'aujourd'hui peut devenir la pauvreté de demain sans sagesse.	Les ressources mal gérées peuvent disparaître.
Moke moke etondisaka ebombelo.	Petit à petit, le grenier se remplit.	L'accumulation régulière de petites ressources produit beaucoup avec le temps.
Mbongo moke ebombami mokolo nyonso ekómaka mingi.	Un peu d'argent épargné chaque jour devient beaucoup.	L'épargne régulière finit par produire une somme importante.
Kozala na mingi elingi koloba te kozala na nyonso.	Avoir beaucoup ne signifie pas tout avoir.	La richesse matérielle ne répond pas à tous les besoins humains.
Moto ya esengo azali te kaka oyo azali na mingi.	La personne heureuse n'est pas seulement celle qui possède beaucoup.	Le bonheur ne dépend pas uniquement des biens matériels.
Soki posa eleki makoki, mpasi ebandaka.	Quand les désirs dépassent les moyens, les problèmes commencent.	Il faut adapter ses dépenses et ses ambitions à ses ressources.
Nyongo ezali mokumba na lipeka.	La dette est une charge sur l'épaule.	S'endetter crée une responsabilité qui peut devenir lourde.
Liboso ya kodefa, kanisa ndenge ya kozongisa.	Avant d'emprunter, pense à la manière de rembourser.	Il faut évaluer sa capacité de remboursement avant de s'endetter.
Moto oyo akoki kozela akoki kozwa oyo alingi.	Celui qui sait attendre peut obtenir ce qu'il veut.	La patience augmente parfois les chances de réussite.
Mokolo moko ekoki te kosilisa mosala ya bambula.	Un seul jour ne peut pas accomplir le travail de plusieurs années.	Les grands objectifs demandent du temps.
Mokemoke nde nsoso amelaka mayi.	C'est petit à petit que la poule boit l'eau.	Les grandes choses s'accomplissent progressivement.
Koleka noki te nde kokoma liboso.	Aller très vite ne signifie pas toujours arriver le premier.	La régularité peut être plus importante que la vitesse.
Moto oyo azelaka na mayele azelaka mpamba te.	Celui qui attend avec sagesse n'attend pas en vain.	Une attente utile s'accompagne de préparation.
Ntango ya kolona ezali te ntango ya kolala.	Le temps de semer n'est pas le temps de dormir.	Il faut agir lorsque l'occasion se présente.
Ntango ya kobuka ezali mbano ya ntango ya kolona.	Le temps de la récolte est la récompense du temps des semailles.	Les résultats viennent après les efforts.
Mokolo ekoki kozala molai, kasi esilaka.	La journée peut être longue, mais elle finit.	Même les périodes difficiles ont une fin.
Butu ezalaka molai, kasi ntongo eyaka.	La nuit peut être longue, mais le matin arrive.	Après les difficultés vient souvent une période meilleure.
Moto oyo atiki elikya atiki nzela.	Celui qui abandonne l'espoir abandonne le chemin.	Perdre l'espoir rend plus difficile la poursuite des objectifs.
Bwanya ezalaka na koyeba oyo okoki mpe oyo okoki te.	La sagesse consiste à savoir ce que tu peux et ne peux pas faire.	Connaître ses limites est une forme de maturité.
Makasi nyonso ezali te na misisa.	Toute force ne se trouve pas dans les muscles.	La force peut aussi être mentale, morale ou intellectuelle.
Motema makasi eleki maboko makasi.	Un cœur fort vaut plus que des bras forts.	Le courage intérieur peut être plus important que la force physique.
Moto oyo amesani na mpasi abanga mikakatano nyonso te.	Celui qui est habitué aux épreuves ne craint pas tous les obstacles.	L'expérience de l'adversité développe la résilience.
Soki okwei mbala sambo, telema mbala mwambe.	Si tu tombes sept fois, relève-toi huit fois.	Il faut toujours se relever après un échec.
Kokwea ezali liteya soki otelemaka.	Tomber devient une leçon si tu te relèves.	L'échec peut devenir une source d'apprentissage.
Kobanga libunga ekoki kopekisa elonga.	La peur de l'erreur peut empêcher la réussite.	La crainte excessive d'échouer empêche parfois d'agir.
Moto oyo amekaka azali pene ya koyekola.	Celui qui essaie est proche d'apprendre.	L'expérimentation est essentielle au progrès.
Soki omeki te, okoyeba te.	Si tu n'essaies pas, tu ne sauras pas.	Il faut agir pour découvrir ce qui est possible.
Elonga ya solo eyaka sima ya komekama.	La vraie réussite vient après l'épreuve.	Les succès les plus solides suivent souvent des difficultés.
Moto oyo ayebi komitambwisa akoki kotambwisa basusu.	Celui qui sait se diriger lui-même peut diriger les autres.	Le leadership commence par la maîtrise de soi.
Mokonzi ya malamu ayokaka bato na ye.	Un bon dirigeant écoute son peuple.	Le leadership exige écoute et attention aux autres.
Kozala liboso elingi koloba te kozala likolo ya bato.	Être devant ne signifie pas être au-dessus des autres.	Diriger ne signifie pas mépriser ou dominer.
Mokonzi oyo azangi bosembo abungisaka confiance.	Un dirigeant sans honnêteté perd la confiance.	L'intégrité est essentielle au leadership.
Moto oyo azali na mokumba asengeli kozala ndakisa.	Celui qui porte une responsabilité doit être un exemple.	Les responsables doivent montrer par leurs actes ce qu'ils attendent des autres.
Kopesa mitindo ezali pete, kopesa ndakisa ezali mpasi.	Donner des ordres est facile, donner l'exemple est difficile.	Le véritable leadership se démontre par les actes.
Mokonzi ya solo ayebi mpe kondima libunga.	Un vrai dirigeant sait aussi reconnaître une erreur.	Admettre ses fautes renforce la crédibilité d'un responsable.
Bokonzi ezanga koyoka bato ekómaka kilo.	Un pouvoir qui n'écoute pas les gens devient lourd.	L'autorité sans dialogue peut devenir oppressive.
Moto nyonso azali na eloko ya koteya.	Chaque personne a quelque chose à enseigner.	On peut apprendre de chacun.
Moto nyonso azali na eloko ya koyekola.	Chaque personne a quelque chose à apprendre.	Personne ne sait tout.
Soki moto azangi koyoka, mpasi ekoteya ye.	Si quelqu'un refuse d'écouter, la difficulté lui enseignera.	Celui qui refuse les conseils apprend souvent par l'expérience.
Toli ya malamu ezalaka lokola mwinda na butu.	Un bon conseil est comme une lampe dans la nuit.	Un conseil juste peut éclairer une situation difficile.
Moto oyo ayebi kotala liboso akimaka mabulu.	Celui qui sait regarder devant lui évite les trous.	La prévoyance permet d'éviter de nombreux problèmes.
Miso etala, motema epona.	Les yeux regardent, le cœur choisit.	Il faut observer avant de décider.
Soki nzela ezali mibale, kanisa liboso opona.	S'il y a deux chemins, réfléchis avant de choisir.	Les choix importants demandent du discernement.
Kopona mabe ezali mpe liteya.	Faire un mauvais choix est aussi une leçon.	Les erreurs de décision peuvent nous apprendre à mieux choisir.
Moto ya mayele abongisaka liboso ya likama.	La personne sage se prépare avant le danger.	La prévention est une forme de sagesse.
Keba na oyo ezali pete mingi.	Méfie-toi de ce qui paraît trop facile.	Certaines facilités peuvent cacher des risques.
Eloko nyonso ya kongenga ezali wolo te.	Tout ce qui brille n'est pas de l'or.	Les apparences peuvent être trompeuses.
Miso emonaka libanda, motema eyebaka kati.	Les yeux voient l'extérieur, le cœur connaît l'intérieur.	L'apparence ne révèle pas toujours la véritable nature d'une personne.
Moto oyo aseki yo lelo akoki kosenga yo lisungi lobi.	Celui qui se moque de toi aujourd'hui peut demander ton aide demain.	Les situations changent ; il vaut mieux rester humble.
Koseka mpasi ya moto ezali kobosana lobi.	Se moquer du malheur d'autrui, c'est oublier demain.	La vie peut changer rapidement ; il faut avoir de la compassion.
Mokili ezali roue, oyo azali likolo lelo akoki kozala na se lobi.	Le monde est une roue : celui qui est en haut aujourd'hui peut être en bas demain.	Les positions sociales et les circonstances ne sont pas permanentes.
Komikitisa efungolaka baporte.	L'humilité ouvre des portes.	Une attitude humble facilite les relations et les opportunités.
Lolendo ekangaka matoyi.	L'orgueil ferme les oreilles.	L'arrogance empêche d'écouter les conseils.
Moto ya lolendo ayekolaka na mpasi.	La personne orgueilleuse apprend difficilement.	L'orgueil ralentit l'apprentissage.
Limemya ezanga mbongo kasi ezali na motuya.	Le respect ne coûte pas d'argent mais il a de la valeur.	Le respect est précieux même s'il ne s'achète pas.
Moto oyo apesaka limemya azwaka limemya.	Celui qui donne du respect reçoit du respect.	Le respect est souvent réciproque.
Kombo malamu ezali bilamba oyo epasolaka te.	Une bonne réputation est un vêtement qui ne se déchire pas facilement.	Une bonne réputation durable protège la dignité d'une personne.
Bosembo ezali nzela molai kasi esukaka malamu.	L'honnêteté est un long chemin, mais il finit bien.	L'intégrité peut être exigeante mais porte des fruits durables.
Soki ozali na mingi, kobosana oyo azali na moke te.	Si tu as beaucoup, n'oublie pas celui qui a peu.	La prospérité devrait s'accompagner de générosité.
Loboko oyo epesaka ezanga lokumu te.	La main qui donne ne manque pas d'honneur.	La générosité est une qualité respectée.
Kopesa moke na motema malamu eleki kopesa mingi na lolendo.	Donner peu avec un bon cœur vaut mieux que donner beaucoup avec orgueil.	L'intention compte autant que la quantité donnée.
Moto oyo akabolaka azangaka te na mitema ya bato.	Celui qui partage ne manque pas de place dans le cœur des gens.	La générosité crée de l'affection et de la reconnaissance.
Bilei ya moke ekabolami eleki ebele eliami yo moko.	Un petit repas partagé vaut mieux qu'un grand repas mangé seul.	Le partage peut donner plus de valeur aux biens modestes.
Soki ozali na mibale, moko ekoki kosalisa mosusu.	Si tu en as deux, l'un peut aider l'autre.	Quand on a un surplus, on peut en faire profiter quelqu'un.
Motema ya kopesa ezalaka mozwi.	Un cœur généreux est riche.	La véritable richesse peut être morale plutôt que matérielle.
Kosalisa moto ezali kolona na motema.	Aider quelqu'un, c'est semer dans le cœur.	La bonté laisse une trace durable chez celui qui la reçoit.
Bolamu ebungaka te.	Le bien ne se perd pas.	Une bonne action finit souvent par avoir un effet positif.
Oyo osali mpo na moto, mokili ekoki kozongisela yo.	Ce que tu fais pour quelqu'un, la vie peut te le rendre.	Les bonnes actions peuvent revenir de manière inattendue.
Moto akoki kozala mosika kasi motema ezala pene.	Une personne peut être loin mais proche dans le cœur.	La distance géographique n'efface pas forcément les liens affectifs.
Boninga ya solo ebangaka distance te.	La vraie amitié ne craint pas la distance.	Les relations sincères peuvent survivre à l'éloignement.
Komonana mingi te elingi koloba kobosana te.	Ne pas se voir souvent ne signifie pas s'oublier.	Une relation peut rester forte malgré des contacts peu fréquents.
Soki motema ekangami, nzela molai ezali mokuse.	Quand les cœurs sont liés, une longue distance devient courte.	L'affection rend la séparation plus supportable.
Moninga oyo ayokaka yo na kimia ezali bozwi.	Un ami qui t'écoute en silence est une richesse.	Une écoute sincère est précieuse.
Maloba mingi esengeli te mpo na boninga ya solo.	La vraie amitié n'a pas besoin de beaucoup de paroles.	La compréhension mutuelle peut dépasser les mots.
Moninga ya solo amonaka mpasi liboso oloba.	Un vrai ami voit ta peine avant que tu ne parles.	La proximité permet parfois de percevoir les difficultés sans explication.
Boninga esengaka bosolo.	L'amitié exige la vérité.	La sincérité est indispensable aux relations solides.
Confiance etongamaka na mikolo, ebebaka na seconde.	La confiance se construit en des jours et peut se briser en une seconde.	La confiance est lente à construire et rapide à perdre.
Moto oyo abatelaka confiance abatelaka relation.	Celui qui protège la confiance protège la relation.	Préserver la confiance aide à préserver les liens.
Kanda ekómaka, kasi mokano ekoki kozela.	La colère arrive, mais la décision peut attendre.	Il vaut mieux attendre de retrouver son calme avant de décider.
Monoko ya kanda ebimisaka maloba oyo motema eboyaka.	La bouche en colère prononce des paroles que le cœur désapprouve.	Sous l'effet de la colère, on peut dire des choses que l'on regrette.
Soki ozali na kanda, vanda naino kimia.	Si tu es en colère, reste d'abord tranquille.	Le silence temporaire peut éviter un conflit.
Kimia ekoki kolonga maloba mingi.	Le silence peut vaincre beaucoup de paroles.	Ne pas répondre à une provocation peut être plus efficace qu'un long débat.
Motema ya kimia emonaka nzela malamu.	Un cœur calme voit mieux le chemin.	Le calme améliore le jugement.
Koyanola noki te ezali mpe eyano.	Ne pas répondre immédiatement est aussi une réponse.	Prendre du temps avant de répondre peut être sage.
Soki maloba ekoki kobebisa, kimia ekoki kobikisa.	Si les paroles peuvent détruire, le silence peut sauver.	Dans certaines situations, se taire évite d'aggraver un conflit.
Kosilika ezali pete, kosilisa likambo nde mpasi.	Se fâcher est facile, résoudre le problème est difficile.	La résolution des conflits demande plus de maturité que la colère.
Moto oyo ayebi komipekisa azali na makasi.	Celui qui sait se maîtriser est fort.	La maîtrise de soi est une forme importante de force.
Kolongwa na etumba mosusu ezali elonga.	Quitter certaines batailles est une victoire.	Refuser un conflit inutile peut être une décision intelligente.
Koyekola ezali nzela oyo esukaka te.	Apprendre est un chemin qui ne se termine pas.	L'apprentissage dure toute la vie.
Buku moko ekoki kofungola makanisi mingi.	Un seul livre peut ouvrir beaucoup d'idées.	La lecture peut profondément élargir la pensée.
Moto oyo atangaka ayokaka maloba ya bato oyo bazali mosika.	Celui qui lit entend les paroles de ceux qui sont loin.	La lecture permet d'apprendre de personnes éloignées dans le temps ou l'espace.
Koyekola ezanga pratique etikalaka ndambo.	Un apprentissage sans pratique reste incomplet.	La connaissance devient plus solide lorsqu'elle est appliquée.
Mayele ezali te na motó kaka, ezali mpe na maboko.	Le savoir n'est pas seulement dans la tête, il est aussi dans les mains.	Le savoir pratique est aussi important que la théorie.
Moto oyo ayebi kosala ayebi koleka oyo ayebi koloba kaka.	Celui qui sait faire sait plus que celui qui sait seulement parler.	La compétence pratique complète les connaissances verbales.
Motuna ya lelo ekoki kozala eyano ya lobi.	La question d'aujourd'hui peut devenir la réponse de demain.	La curiosité prépare les découvertes futures.
Kososola ezali koleka kokanga na motó.	Comprendre vaut mieux que mémoriser.	La compréhension profonde est plus utile que la simple mémorisation.
Molakisi ya liboso ezali libunga.	Le premier professeur est l'erreur.	Les erreurs sont une source importante d'apprentissage.
Molakisi akoki kolakisa nzela, kasi mwana nde atambolaka.	Le professeur peut montrer le chemin, mais c'est l'élève qui marche.	L'apprentissage exige un effort personnel.
Nzela ya elonga ezanga mabulu te.	Le chemin de la réussite n'est pas sans trous.	Le succès comporte inévitablement des difficultés.
Elonga ezalaka na motuya mpo mpasi ezalaki.	La réussite a de la valeur parce qu'il y a eu des difficultés.	Les obstacles donnent souvent plus de sens au succès.
Moto ya molende atalaka suka, te mpasi ya nzela.	La personne persévérante regarde la destination, pas seulement la difficulté du chemin.	Garder l'objectif en vue aide à persévérer.
Mokano makasi ekoki koleka nzela ya mpasi.	Une forte détermination peut traverser un chemin difficile.	La détermination aide à surmonter les obstacles.
Soki ozali kokende liboso, ata mokemoke, ozali kokende.	Si tu avances, même lentement, tu avances quand même.	Le progrès lent reste du progrès.
Kotelema ezali kobunga soki nzela ezali naino.	S'arrêter peut être perdre lorsque le chemin continue.	Il faut éviter d'abandonner trop tôt.
Moto oyo azongaka lisusu sima ya kokweya azali makasi.	Celui qui revient après être tombé est fort.	La résilience se voit dans la capacité à recommencer.
Komekama emonisaka makasi oyo obombaki.	L'épreuve révèle la force que tu cachais.	Les difficultés peuvent révéler des capacités insoupçonnées.
Mpasi ezali te suka ya lisolo.	La difficulté n'est pas la fin de l'histoire.	Une période difficile ne détermine pas nécessairement l'issue finale.
Suka ya nzela emonanaka te ntango nyonso na ebandeli.	La fin du chemin n'est pas toujours visible au début.	On ne peut pas toujours prévoir où nos efforts nous mèneront.
Moto oyo azali na plan azali pene ya kosala.	Celui qui a un plan est proche d'agir.	La planification prépare l'action.
Plan ezanga action ezali ndoto.	Un plan sans action est un rêve.	Une idée n'a de valeur concrète que si elle est mise en œuvre.
Action ezanga plan ekoki kobungisa ntango.	L'action sans plan peut faire perdre du temps.	Agir sans direction peut être inefficace.
Kobongisa moke liboso ekitisaka mpasi mingi na sima.	Une petite préparation avant réduit beaucoup de difficultés après.	La préparation prévient de nombreux problèmes.
Mosala ekabolami ezalaka pete.	Le travail partagé devient plus facile.	La coopération réduit la charge individuelle.
Equipe oyo esololaka esalaka malamu.	Une équipe qui communique travaille bien.	La communication améliore la coordination.
Moto nyonso na mosala na ye, projet etambolaka.	Quand chacun fait son travail, le projet avance.	La répartition claire des responsabilités favorise le progrès.
Mokonzi ya malamu atongaka bato, te kaka mosala.	Un bon dirigeant développe les personnes, pas seulement le travail.	Le leadership consiste aussi à faire grandir son équipe.
Mosala ya malamu ebombamaka te.	Un bon travail ne reste pas caché.	La qualité finit souvent par être reconnue.
Résultat ezali mongongo ya mosala.	Le résultat est la voix du travail.	Les résultats parlent souvent mieux que les promesses.
Mbongo oyo oyebi te esika eutaki ekoki komema mpasi.	L'argent dont tu ignores l'origine peut apporter des problèmes.	Il faut être prudent face aux gains douteux.
Profit ya noki ekoki kobota perte ya molai.	Un profit rapide peut produire une longue perte.	Un gain immédiat peut cacher des conséquences négatives.
Mombongo ezanga confiance etambolaka te.	Le commerce sans confiance ne fonctionne pas.	La confiance est essentielle dans les affaires.
Client moko ya malamu akoki koleka ba promesses zomi.	Un bon client peut valoir plus que dix promesses.	Une relation commerciale réelle vaut plus que des opportunités incertaines.
Mombongo ekolaka na kombo malamu.	Le commerce grandit avec une bonne réputation.	La réputation favorise la confiance des clients.
Soki olingi koteka, yeba liboso oyo moto azali koluka.	Si tu veux vendre, sache d'abord ce que la personne cherche.	Comprendre le besoin du client est essentiel.
Ntalo moke ezalaka ntango nyonso qualité malamu te.	Un prix bas ne signifie pas toujours une bonne qualité.	Le moins cher n'est pas forcément le meilleur choix.
Ntalo ya eloko ezali mpe na ndenge eumelaka.	La valeur d'une chose dépend aussi de sa durée.	La durabilité fait partie de la valeur d'un produit.
Mbongo ya entreprise ezali mbongo ya entreprise.	L'argent de l'entreprise est l'argent de l'entreprise.	Il faut séparer les finances professionnelles des finances personnelles.
Mombongo ya malamu ebandaka na problème ya solo.	Une bonne entreprise commence par un vrai problème.	Une activité durable répond généralement à un besoin réel.
Moto azali te esanga.	Une personne n'est pas une île.	Chacun dépend des autres d'une manière ou d'une autre.
Bomoko ebikisaka oyo moto moko akoki te.	L'unité sauve ce qu'une seule personne ne peut pas sauver.	La coopération permet de résoudre des problèmes plus grands.
Maboko mingi ememaka mokumba ya kilo.	Beaucoup de mains portent une lourde charge.	Un effort collectif rend les tâches difficiles plus faciles.
Bato soki basangani, nzela efungwamaka.	Quand les gens s'unissent, le chemin s'ouvre.	L'action collective crée de nouvelles possibilités.
Moto moko akoki kobanda, bato mingi bakoki kosilisa.	Une personne peut commencer, plusieurs peuvent terminer.	Les grandes œuvres nécessitent souvent une contribution collective.
Bomoko ezali makasi oyo emonanaka te.	L'unité est une force invisible.	La cohésion donne au groupe une puissance qui dépasse les individus.
Soki bato bazali na mokano moko, mikakatano ekómaka mike.	Quand les gens ont un même objectif, les difficultés deviennent plus petites.	Un objectif commun facilite la coopération.
Lisanga ezanga koyokana ekabwanaka.	Un groupe sans entente se divise.	La cohésion est nécessaire à la stabilité d'un groupe.
Koyokana ezali fondation ya lisanga.	L'entente est la fondation d'un groupe.	Une bonne coopération repose sur le dialogue et la confiance.
Makasi ya lisanga ezali na bato na yango.	La force d'un groupe réside dans ses membres.	La qualité d'une communauté dépend de l'engagement de ses membres.
Mokili eteyaka moto oyo azali prêt koyekola.	La vie enseigne à celui qui est prêt à apprendre.	Les expériences deviennent utiles lorsqu'on reste ouvert aux leçons.
Bomoi ezali mobembo, te course.	La vie est un voyage, pas une course.	Il n'est pas nécessaire de se comparer constamment aux autres.
Moto nyonso azali na ntango na ye.	Chaque personne a son temps.	Les réussites et étapes de vie n'arrivent pas au même moment pour tout le monde.
Kokanisa bomoi na yo na ya mosusu ekoki koyiba esengo.	Comparer ta vie à celle d'un autre peut voler ta joie.	La comparaison permanente peut empêcher d'apprécier ce que l'on a.
Esengo ezalaka mpe na biloko ya mike.	Le bonheur se trouve aussi dans les petites choses.	Les plaisirs simples ont une grande valeur.
Kozala na kimia ezali mpe elonga.	Être en paix est aussi une réussite.	Le succès ne se mesure pas seulement en argent ou en statut.
Moto akoki kozala na nyonso kasi azanga kimia.	Une personne peut tout avoir mais manquer de paix.	Les biens matériels ne garantissent pas le bien-être intérieur.
Motema oyo ezangi posa mingi epemaka.	Un cœur qui désire moins se repose.	Réduire les désirs excessifs peut apporter de la tranquillité.
Bomoi ezali mokuse mpo na kobomba kanda mingi.	La vie est trop courte pour garder trop de colère.	Il vaut mieux éviter de conserver longtemps les rancunes.
Lelo ezali cadeau oyo lobi elaki te.	Aujourd'hui est un cadeau que demain n'a pas promis.	Il faut valoriser le présent car l'avenir n'est pas garanti.
Moto oyo azangi patience abukaka mbuma liboso ebela.	Celui qui manque de patience cueille le fruit avant qu'il ne mûrisse.	La précipitation peut faire perdre le bénéfice d'un effort.
Soki mbula enoki, mabele nde ebombaka mayi.	Quand la pluie tombe, c'est la terre qui garde l'eau.	Les occasions profitent surtout à ceux qui sont prêts à les recevoir.
Moto ya bokebi amonaka likama liboso ekóma pene.	La personne prudente voit le danger avant qu'il ne soit proche.	La vigilance permet d'anticiper les problèmes.
Kobanga nyonso ezali te bwanya.	Avoir peur de tout n'est pas de la sagesse.	La prudence ne doit pas devenir paralysie.
Mpo na kokoma mosika, osengeli koyeba esika ozali kokende.	Pour aller loin, il faut savoir où l'on va.	Un objectif clair donne une direction à l'effort.
Moto oyo azali na mokano akoki kobongola nzela.	Celui qui a un objectif peut changer de chemin.	On peut adapter la méthode sans abandonner le but.
Nzete ya mbuma efinamaka na mabanga mingi.	L'arbre qui porte des fruits reçoit beaucoup de pierres.	Les personnes utiles ou visibles attirent souvent critiques et jalousies.
Moto oyo asalaka mingi ayokaka mpe maloba mingi.	Celui qui agit beaucoup entend aussi beaucoup de paroles.	L'action expose souvent aux critiques.
Soki oyebi motuya na yo, maloba ya bato ebebisaka yo te.	Si tu connais ta valeur, les paroles des autres ne te détruisent pas.	La confiance en soi protège contre les jugements injustes.
Likambo nyonso ezali na ntango na yango.	Toute chose a son temps.	Il faut respecter les étapes et les saisons de la vie.
Moto oyo aleki yo na nzela akoki koyebisa yo libulu ezali wapi.	Celui qui est passé avant toi peut te montrer où se trouve le trou.	L'expérience des autres peut nous éviter des erreurs.
Toli ya mobange ezali nzela oyo eleki mibembo mingi.	Le conseil d'un ancien est un chemin qui a connu beaucoup de voyages.	L'expérience accumulée des aînés peut être précieuse.
Koyoka bato ya kala ekoki kobatela bato ya lelo.	Écouter les anciens peut protéger les gens d'aujourd'hui.	Les leçons du passé peuvent prévenir les erreurs présentes.
Moto oyo abosani ebandeli akoki kobunga na suka.	Celui qui oublie le début peut se perdre à la fin.	Il faut garder en mémoire ses origines et son objectif initial.
Soki oyebi esika owuti, okozala na pete koyeba esika ozali kokende.	Si tu sais d'où tu viens, il te sera plus facile de savoir où tu vas.	La connaissance de ses origines aide à construire son avenir.
Mizizi ya makasi esimbaka nzete na mopepe.	Des racines solides soutiennent l'arbre dans le vent.	Des bases solides aident à traverser les crises.
Moto azanga mizizi akoki komemama na mopepe nyonso.	Celui qui n'a pas de racines peut être emporté par tous les vents.	Sans valeurs ou repères, on devient facilement influençable.
Bonkoko ezali buku oyo ekomi na bomoi ya bato.	La tradition est un livre écrit dans la vie des gens.	Les pratiques culturelles transmettent l'expérience collective.
Kobatela bonkoko elingi koloba te koboya mbongwana.	Préserver la tradition ne signifie pas refuser le changement.	On peut respecter l'héritage tout en évoluant.
Mayele ya sika ekolaka malamu soki ezwi mizizi ya kala.	Le savoir nouveau grandit bien lorsqu'il prend racine dans l'ancien.	L'innovation gagne à s'appuyer sur l'expérience passée.
Moto oyo asalaka na motema nyonso ayokaka motuya ya mosala.	Celui qui travaille de tout cœur connaît la valeur du travail.	L'engagement donne du sens à l'effort.
Mosala ya ndambo epesaka mbuma ya ndambo.	Un travail à moitié fait donne un résultat à moitié.	Un effort incomplet produit souvent des résultats insuffisants.
Maboko ezanga mosala ebosana ndenge ya kosala.	Des mains sans travail oublient comment travailler.	La pratique régulière entretient les compétences.
Kozela inspiration kaka ekoki kozongisa mosala sima.	Attendre seulement l'inspiration peut retarder le travail.	La discipline compte plus que l'envie du moment.
Discipline esalaka oyo motivation ekoki kosala te mokolo nyonso.	La discipline fait ce que la motivation ne peut pas faire chaque jour.	La constance permet d'avancer même sans enthousiasme.
Moto ya discipline atongaka lobi na ye lelo.	La personne disciplinée construit son demain aujourd'hui.	Les habitudes présentes façonnent l'avenir.
Mosala ya mikolo mingi epesaka elonga oyo emonanaka lokola ya mokolo moko.	Le travail de plusieurs jours produit un succès qui peut sembler venir en un jour.	Les réussites visibles cachent souvent de longs efforts.
Elonga ya bato mingi ezali na mosala oyo bato mingi bamonaka te.	Beaucoup de réussites reposent sur un travail que les autres ne voient pas.	Le succès public résulte souvent d'efforts invisibles.
Moto oyo alingaka qualité azongelaka mosala na ye.	Celui qui aime la qualité revient sur son travail.	La révision et l'amélioration font partie d'un bon travail.
Kosilisa noki ezali te ntango nyonso kosala malamu.	Finir vite ne signifie pas toujours bien faire.	La vitesse ne doit pas remplacer la qualité.
Soki ozali na posa ya mbuma, batela mpe mabele.	Si tu veux des fruits, prends aussi soin de la terre.	Pour obtenir des résultats durables, il faut protéger les conditions qui les rendent possibles.
Moto oyo abebisaka source akoki kozanga mayi lobi.	Celui qui détruit la source peut manquer d'eau demain.	Il faut préserver les ressources dont on dépend.
Kolia nyonso lelo ezali kobosana lobi.	Tout consommer aujourd'hui, c'est oublier demain.	La prévoyance exige de garder des ressources pour l'avenir.
Kozala na ebele ezali te raison ya kobebisa.	Avoir beaucoup n'est pas une raison de gaspiller.	L'abondance ne dispense pas de la prudence.
Eloko ya bato nyonso esengeli kobatelama lokola ya moto moko.	Ce qui appartient à tous doit être protégé comme un bien personnel.	Les biens communs demandent une responsabilité collective.
Soki moto moko abebisi mabele, bato mingi bakoki komona mpasi.	Si une personne détruit la terre, beaucoup peuvent en souffrir.	Les actes individuels peuvent avoir des conséquences collectives.
Mayi ya lelo ezali bomoi ya lobi.	L'eau d'aujourd'hui est la vie de demain.	Préserver les ressources naturelles protège l'avenir.
Nzete oyo otoni lelo ekoki kopesa elili na mwana na yo lobi.	L'arbre que tu plantes aujourd'hui peut donner de l'ombre à ton enfant demain.	Certaines actions profitent surtout aux générations futures.
Kobatela mokili ezali kobatela bana oyo bakoya.	Protéger le monde, c'est protéger les enfants qui viendront.	La responsabilité environnementale concerne les générations futures.
Moto ya mayele azwaka oyo asengeli, abebisaka te oyo etikali.	La personne sage prend ce dont elle a besoin sans détruire le reste.	La modération permet de préserver les ressources.
Soki ozali na pouvoir, yeba ete ezali mokumba.	Si tu as du pouvoir, sache que c'est une responsabilité.	L'autorité doit s'accompagner de devoirs.
Bokonzi ezanga justice ebota somo.	Le pouvoir sans justice produit la peur.	Une autorité injuste détruit la confiance.
Mokonzi oyo ayokaka kaka ye moko abungisaka bato.	Le dirigeant qui n'écoute que lui-même perd les gens.	Le leadership fermé au dialogue isole le responsable.
Koyangela ezali te kaka kopesa mitindo.	Diriger, ce n'est pas seulement donner des ordres.	Le leadership implique écoute, service et responsabilité.
Moto oyo azali liboso asengeli kotala mpe baoyo bazali na sima.	Celui qui est devant doit aussi regarder ceux qui sont derrière.	Un responsable doit penser aux personnes qu'il conduit.
Bokonzi ya solo esalelaka bato, esalelami na bato te.	Le vrai leadership sert les gens au lieu de les utiliser.	Un bon responsable agit au bénéfice de la communauté.
Mokonzi oyo akabolaka lokumu akolisaka équipe na ye.	Le dirigeant qui partage le mérite fait grandir son équipe.	Reconnaître les contributions des autres renforce le groupe.
Moto oyo azwi mokumba azwi mpe compte ya kopesa.	Celui qui reçoit une responsabilité reçoit aussi l'obligation de rendre des comptes.	Toute responsabilité implique une reddition de comptes.
Justice esengeli kozala ndenge moko mpo na bato nyonso.	La justice doit être la même pour tous.	L'équité exige des règles appliquées sans favoritisme.
Mibeko ezanga bosembo ebota kanda.	Des règles sans justice produisent la colère.	Des normes injustes créent frustration et conflit.
Mwana oyo batikaka koyekola akoki kozanga nzela ya lobi.	L'enfant qu'on prive d'éducation peut manquer de chemin demain.	L'éducation ouvre des possibilités pour l'avenir.
Kelasi efungolaka baporte oyo mbongo kaka ekoki te.	L'école ouvre des portes que l'argent seul ne peut pas ouvrir.	Le savoir donne des opportunités particulières.
Moto atangaka mpo na examen kaka abosana noki.	Celui qui étudie seulement pour l'examen oublie vite.	Apprendre pour comprendre est plus durable qu'apprendre pour réussir un test.
Koyeba kokoma ezali porte ya koyeba mingi.	Savoir écrire est une porte vers beaucoup de connaissances.	La maîtrise de l'écrit facilite l'apprentissage.
Koyeba kotanga ezali lokola kozwa liso ya mibale.	Savoir lire, c'est comme recevoir un deuxième œil.	La lecture élargit la perception du monde.
Mwana oyo atunaka mingi azali kotonga mayele.	L'enfant qui pose beaucoup de questions construit son intelligence.	La curiosité favorise l'apprentissage.
Molakisi ya malamu ateyaka mpe ndenge ya kokanisa.	Un bon professeur enseigne aussi comment penser.	L'éducation doit développer le raisonnement, pas seulement transmettre des faits.
Koyekola esengaka komikitisa.	Apprendre exige de l'humilité.	Il faut accepter de ne pas savoir pour progresser.
Moto oyo ayebi mingi asengeli kaka koyekola lisusu.	Celui qui sait beaucoup doit encore continuer à apprendre.	La connaissance n'a pas de fin.
Buku ezali moninga oyo alembaka te koyanola.	Un livre est un ami qui ne se fatigue pas de répondre.	La lecture reste une source constante de savoir.
Koyeba monoko ya moto ezali kofungola porte ya motema na ye.	Connaître la langue de quelqu'un, c'est ouvrir la porte de son cœur.	La langue facilite une communication plus profonde.
Maloba ebongisaka to ebebisaka pont kati na bato.	Les paroles construisent ou détruisent des ponts entre les gens.	La communication influence fortement les relations.
Soki oyebi koloba, yeba mpe koyoka.	Si tu sais parler, sache aussi écouter.	Une bonne communication exige les deux.
Maloba ya limemya efungolaka matoyi.	Les paroles respectueuses ouvrent les oreilles.	Le respect rend les autres plus disposés à écouter.
Koganga mingi ekómisaka solo makasi te.	Crier plus fort ne rend pas la vérité plus forte.	Le volume ne remplace pas la qualité d'un argument.
Moto oyo azali na raison asengeli te kofinga.	Celui qui a raison n'a pas besoin d'insulter.	Un bon argument n'exige pas l'agressivité.
Kososola liboso ya koyanola ezali bwanya.	Comprendre avant de répondre est une sagesse.	Il faut saisir le sens d'un propos avant de réagir.
Maloba ya polele ekitisaka matata.	Des paroles claires réduisent les conflits.	La clarté prévient les malentendus.
Kobomba makanisi nyonso ekoki kobota distance.	Cacher toutes ses pensées peut créer de la distance.	Une communication honnête est importante dans les relations.
Kosolola na ntango ebongi ebikisaka relation.	Parler au bon moment sauve une relation.	Le moment choisi pour discuter peut être décisif.
Moto oyo akoki koloba te 'nayebi te' akoki te koyekola malamu.	Celui qui ne peut pas dire « je ne sais pas » apprend difficilement.	Reconnaître ses limites est nécessaire pour progresser.
Ntembe malamu ebota motuna malamu.	Un bon doute produit une bonne question.	Le doute raisonné favorise la connaissance.
Motuna ezanga somo ekoki komema na solo.	Une question posée sans peur peut conduire à la vérité.	La curiosité courageuse aide à découvrir.
Kondima nyonso ezanga kotala ezali likama.	Tout croire sans vérifier est dangereux.	L'esprit critique protège contre l'erreur.
Soki information euti mosika, tala source na yango.	Si une information vient de loin, vérifie sa source.	Il faut contrôler l'origine des informations.
Maloba oyo bato mingi bazongelaka ekómaka solo te mpo na yango.	Une parole répétée par beaucoup ne devient pas vraie pour autant.	La popularité d'une affirmation ne prouve pas sa vérité.
Solo esengaka preuve ntango mosusu.	La vérité exige parfois des preuves.	Les affirmations importantes doivent être vérifiées.
Moto ya mayele akesenisaka oyo ayebi na oyo akanisi.	La personne sage distingue ce qu'elle sait de ce qu'elle pense.	Il faut séparer les faits des opinions.
Kokanisa malamu ezali kosala mosala liboso ya kosala.	Bien réfléchir, c'est travailler avant d'agir.	La réflexion prépare une action plus efficace.
Mayele ezalaka na kotuna 'mpo na nini'.	La sagesse consiste aussi à demander « pourquoi ». 	Chercher les causes permet de mieux comprendre.
Mombongo ezanga calcul ekoki kokóma lisano ya chance.	Un commerce sans calcul peut devenir un jeu de hasard.	Les affaires nécessitent analyse et gestion.
Profit ezali te kaka mbongo oyo ekoti.	Le profit n'est pas seulement l'argent qui entre.	Il faut tenir compte des coûts pour connaître le vrai bénéfice.
Soki dépenses eleki revenus, problème ezali pene.	Si les dépenses dépassent les revenus, le problème est proche.	Un déséquilibre financier prolongé est dangereux.
Client oyo azongi azali signe ya confiance.	Un client qui revient est un signe de confiance.	La fidélité des clients indique souvent une bonne expérience.
Kombo ya entreprise etongamaka na service.	La réputation d'une entreprise se construit par le service.	La qualité du service influence directement l'image d'une entreprise.
Kobengisa client ezali moke, kobatela ye ezali monene.	Attirer un client est une chose, le garder en est une plus grande.	La fidélisation est aussi importante que l'acquisition.
Produit ya malamu ezangi koyebisa bato ekoki kotikala na ndako.	Un bon produit dont personne n'entend parler peut rester à la maison.	La qualité doit aussi être accompagnée de communication.
Publicité ekoki kobenda, qualité nde ezongisaka client.	La publicité peut attirer, mais la qualité fait revenir le client.	Le marketing attire l'attention, l'expérience crée la fidélité.
Mombongo ya molai etongamaka na confiance, te na lokuta.	Un commerce durable se construit sur la confiance, pas sur le mensonge.	L'honnêteté favorise la pérennité commerciale.
Kobakisa valeur eleki kokitisa ntalo ntango nyonso.	Ajouter de la valeur vaut souvent mieux que toujours baisser le prix.	La concurrence ne doit pas reposer uniquement sur les prix.
Moto oyo azali na santé ayebaka motuya na yango te tii ntango ebebi.	Celui qui est en bonne santé n'en connaît parfois la valeur que lorsqu'elle se dégrade.	On sous-estime souvent la santé tant qu'on ne la perd pas.
Kopema ezali mpe eteni ya mosala.	Se reposer fait aussi partie du travail.	Le repos est nécessaire à une performance durable.
Nzoto elembi esengaka koyokama.	Un corps fatigué demande à être écouté.	Il faut respecter les signes de fatigue.
Mosala ezanga bopemi ekoki kobebisa makasi.	Le travail sans repos peut détruire les forces.	L'excès de travail nuit à la santé.
Bilei ya malamu ezali nkisi ya liboso.	Une bonne alimentation est un premier remède.	Une alimentation équilibrée contribue à la santé.
Kokebela santé liboso ezali pete koleka kobikisa sima.	Prendre soin de sa santé avant est plus facile que guérir après.	La prévention est préférable au traitement tardif.
Motema ya kimia esalisaka nzoto.	Un cœur paisible aide le corps.	Le bien-être mental contribue à la santé physique.
Koseka ezali nkisi oyo ezanga facture.	Rire est un remède sans facture.	La joie et l'humour peuvent contribuer au bien-être.
Nzoto ezali ndako ya bomoi.	Le corps est la maison de la vie.	Prendre soin de son corps est essentiel.
Moto ya mayele abatelaka nzoto na ye liboso ya mpasi.	La personne sage prend soin de son corps avant la maladie.	La prévention est une démarche de sagesse.
Bolingo ezalaka na patience, kasi mpe na ndelo.	L'amour demande de la patience, mais aussi des limites.	Une relation saine a besoin d'affection et de limites claires.
Kolimbisa elingi koloba te kobosana liteya.	Pardonner ne signifie pas oublier la leçon.	On peut pardonner tout en apprenant de ce qui s'est passé.
Confiance ezongaka mokemoke sima ya kobukana.	La confiance revient peu à peu après avoir été brisée.	Reconstruire la confiance demande du temps.
Bolingo ya solo ebangaka solo te.	Le véritable amour ne craint pas la vérité.	Une relation sincère peut supporter une communication honnête.
Kobatela relation esengaka bato mibale.	Préserver une relation exige deux personnes.	Une relation durable nécessite un effort réciproque.
Moto moko akoki te kosala relation ya bato mibale ye moko.	Une seule personne ne peut pas porter seule une relation de deux.	Les deux parties doivent contribuer.
Soki limemya ekufi, bolingo ekómaka na mpasi.	Quand le respect meurt, l'amour devient difficile.	Le respect est fondamental à la stabilité d'une relation.
Koyebisa solo na boboto ezali bolingo.	Dire la vérité avec douceur est une forme d'amour.	La sincérité peut être bienveillante.
Koyoka moto ezali mpe kolinga ye.	Écouter quelqu'un, c'est aussi l'aimer.	L'attention et l'écoute expriment l'affection.
Bolingo ekolaka na misala ya mikolo nyonso.	L'amour grandit dans les gestes de chaque jour.	Les petites actions régulières nourrissent les relations.
Mwana akolaka na miso ya bato mingi.	Un enfant grandit sous les yeux de beaucoup de gens.	La communauté participe à l'éducation et à la protection des enfants.
Baboti bateyaka mingi na ndenge bazali kosala.	Les parents enseignent beaucoup par leur manière d'agir.	L'exemple parental influence fortement les enfants.
Mwana ayokaka maloba, kasi amekolaka misala.	L'enfant entend les paroles mais imite les actes.	Les comportements des adultes sont souvent plus influents que leurs discours.
Discipline ezanga bolingo ekoki kobota somo.	La discipline sans amour peut produire la peur.	L'éducation doit équilibrer règles et affection.
Bolingo ezanga discipline ekoki kobota mobulu.	L'amour sans discipline peut produire le désordre.	L'affection doit aussi inclure des limites.
Mwana asengeli koyeba ete libunga ezali suka te.	Un enfant doit savoir qu'une erreur n'est pas la fin.	Il faut apprendre aux enfants à voir l'erreur comme une occasion d'apprendre.
Kosala question na mwana esalisaka ye kokanisa.	Poser des questions à un enfant l'aide à réfléchir.	L'éducation active développe le raisonnement.
Mwana oyo bapesi mokumba ayekolaka responsabilité.	L'enfant à qui l'on donne des responsabilités apprend la responsabilité.	Les petites tâches développent l'autonomie.
Koyoka mwana ezali mpe eteni ya kobokola ye.	Écouter un enfant fait aussi partie de son éducation.	L'écoute contribue au développement affectif et social.
Libota ezali kelasi ya liboso.	La famille est la première école.	Les premiers apprentissages de la vie commencent dans la famille.
Moto oyo azali na ndoto asengeli mpe kozala na plan.	Celui qui a un rêve doit aussi avoir un plan.	Un rêve devient plus concret lorsqu'il est organisé.
Ndoto ezanga mosala etikalaka ndoto.	Un rêve sans travail reste un rêve.	Les aspirations demandent des efforts pour devenir réalité.
Mokano monene ekabolamaka na ba étapes mike.	Un grand objectif se divise en petites étapes.	Découper un objectif facilite sa réalisation.
Etape moko lelo eleki plan monene ezanga action.	Une étape aujourd'hui vaut mieux qu'un grand plan sans action.	Un petit progrès réel vaut mieux qu'une intention non exécutée.
Kobanda moke ezali te kozala moke.	Commencer petit ne signifie pas rester petit.	Les grandes réussites peuvent commencer modestement.
Moto oyo azali kokola amonaka mbongwana mokolo nyonso te.	Celui qui grandit ne voit pas le changement chaque jour.	Le progrès est parfois lent et difficile à percevoir.
Kokola esengaka ntango mpe repetition.	Grandir demande du temps et de la répétition.	Le développement résulte d'efforts réguliers.
Kobeta libaku na nzela ezali te kokoma suka.	Trébucher sur le chemin ne signifie pas être arrivé à la fin.	Un revers temporaire ne met pas fin au parcours.
Soki mokano ezali polele, makolo elandaka.	Quand l'objectif est clair, les pieds suivent.	La clarté des buts facilite l'action.
Ndoto ekómaka mosala ntango date ekoti.	Un rêve devient un projet lorsqu'une date y est attachée.	Fixer une échéance rend un objectif plus concret.
Moto oyo azali na kimia na motema alalaka malamu.	Celui qui a la paix dans le cœur dort bien.	Une conscience tranquille favorise le repos.
Motema ezangi kimia ekoki kozanga esengo ata na bozwi.	Un cœur sans paix peut manquer de joie même dans la richesse.	Le bien-être intérieur ne dépend pas uniquement des biens matériels.
Esengo ya solo ezangaka besoin ya kolakisa bato nyonso.	Le vrai bonheur n'a pas besoin d'être montré à tout le monde.	Le bonheur peut être vécu sans recherche constante d'approbation.
Kosepela na oyo ozali na yango ezali bozwi.	Être content de ce que l'on a est une richesse.	La gratitude crée un sentiment d'abondance.
Motema ya matondo emonaka mingi.	Un cœur reconnaissant voit beaucoup.	La gratitude aide à remarquer les aspects positifs de la vie.
Moto oyo azali kotala kaka oyo azangi akoki kobosana oyo azali na yango.	Celui qui regarde seulement ce qui lui manque peut oublier ce qu'il possède.	Se concentrer uniquement sur le manque empêche d'apprécier le présent.
Esengo ekoki kozala na mesa ya moke soki motema ezali malamu.	La joie peut se trouver autour d'une petite table si le cœur est bon.	Le bonheur ne dépend pas de l'abondance matérielle.
Kozala na bato ya malamu pembeni ezali lipamboli.	Avoir de bonnes personnes autour de soi est une bénédiction.	Les relations positives ont une grande valeur.
Kimia ezali bozwi oyo bato mingi balukaka sima ya kozwa mbongo.	La paix est une richesse que beaucoup cherchent après avoir gagné de l'argent.	Le succès matériel ne remplace pas la tranquillité intérieure.
Motema oyo eyebi kotonda ezali mozwi.	Le cœur qui sait être satisfait est riche.	Le contentement est une forme de richesse.
